ID,Name_1,Name_2,long,lat,CL,Demand
1,Abia,Aba North,7.356,5.11,2,140000
2,Abia,Aba South,7.344,5.056,2,559900
3,Abia,Arochukwu,7.703,5.569,2,221800
4,Abia,Bende,7.57,5.609,2,252300
5,Abia,Ikwuano,7.584,5.363,2,180600
6,Abia,Isiala Ngwa North,7.447,5.359,2,201800
7,Abia,Isiala Ngwa South,7.397,5.273,2,179000
8,Abia,Isuikwuato,7.493,5.786,2,151700
9,Abia,Obi Ngwa,7.453,5.084,2,238300
10,Abia,Ohafia Abia,7.768,5.687,2,322200
11,Abia,Osisioma Ngwa,7.312,5.16,2,289100
12,Abia,Ugwunagbo,7.314,5.118,2,111800
13,Abia,Ukwa East,7.425,4.916,2,76200
14,Abia,Ukwa West,7.255,4.911,2,114400
15,Abia,Umu-Nneochi,7.464,5.952,15,213700
16,Abia,Umuahia North,7.426,5.591,2,292300
17,Abia,Umuahia South,7.4,5.457,2,182200
18,Adamawa,Demsa,12.291,9.459,27,238400
19,Adamawa,Fufore,12.468,9.007,27,279900
20,Adamawa,Ganye,11.93,8.438,27,227100
21,Adamawa,Girie,12.614,10.184,36,173500
22,Adamawa,Gombi,12.545,9.41,27,197500
23,Adamawa,Guyuk,12.016,9.765,27,235900
24,Adamawa,Hong,12.999,10.318,36,226100
25,Adamawa,Jada,12.32,8.612,27,225100
26,Adamawa,Lamurde,11.806,9.602,27,148700
27,Adamawa,Madagali,13.572,10.797,36,180600
28,Adamawa,Maiha,13.206,9.873,36,147200
29,Adamawa,Mayo-Bel,12.033,8.804,27,204200
30,Adamawa,Michika,13.477,10.598,36,207500
31,Adamawa,Mubi North,13.382,10.376,36,202500
32,Adamawa,Mubi South,13.431,10.184,36,173700
33,Adamawa,Numan,11.845,9.366,27,122300
34,Adamawa,Shelleng,12.194,9.723,27,198400
35,Adamawa,Song,12.557,9.756,27,260900
36,Adamawa,Toungo,11.88,8.02,27,69700
37,Adamawa,Yola North,12.522,9.236,27,266800
38,Adamawa,Yola South,12.604,9.134,27,262200
39,Akwa Ibom,Abak,7.77,5.027,2,195400
40,Akwa Ibom,Eastern Obolo,7.728,4.515,2,84300
41,Akwa Ibom,Eket,7.943,4.605,2,242900
42,Akwa Ibom,Esit Eket,8.074,4.622,2,89000
43,Akwa Ibom,Essien-Udim,7.632,5.093,2,271500
44,Akwa Ibom,Etim Ekpo,7.58,4.958,2,148800
45,Akwa Ibom,Etinan,7.837,4.8,2,237300
46,Akwa Ibom,Ibeno,8.101,4.563,2,105100
47,Akwa Ibom,Ibesikpo Asutan,7.938,4.906,2,192700
48,Akwa Ibom,Ibiono Ibom,7.882,5.191,2,265000
49,Akwa Ibom,Ika,7.508,4.977,2,102200
50,Akwa Ibom,Ikono,7.767,5.207,2,185000
51,Akwa Ibom,Ikot-Abasi,7.622,4.59,2,186300
52,Akwa Ibom,Ikot-Ekpene,7.683,5.189,2,198700
53,Akwa Ibom,Ini,7.736,5.394,2,139200
54,Akwa Ibom,Itu,7.97,5.117,2,179600
55,Akwa Ibom,Mbo,8.242,4.647,2,143500
56,Akwa Ibom,Mkpat Enin,7.767,4.672,2,249100
57,Akwa Ibom,Nsit Atai,8.015,4.812,2,103100
58,Akwa Ibom,Nsit Ibom,7.893,4.846,2,151900
59,Akwa Ibom,Nsit Ubium,7.949,4.733,2,178500
60,Akwa Ibom,Obot Akara,7.596,5.213,2,206900
61,Akwa Ibom,Okobo,8.124,4.784,2,144400
62,Akwa Ibom,Onna,7.854,4.598,2,173100
63,Akwa Ibom,Oron,8.215,4.803,2,122500
64,Akwa Ibom,Oruk-Anam,7.67,4.791,2,241400
65,Akwa Ibom,Udung Uko,8.233,4.726,2,74500
66,Akwa Ibom,Ukanafun,7.599,4.868,2,176300
67,Akwa Ibom,Uruan,8.041,4.976,2,164600
68,Akwa Ibom,Urue-Offo,8.161,4.701,2,99400
69,Akwa Ibom,Uyo,7.916,5.002,2,429900
70,Anambra,Aguata,7.063,5.973,15,489500
71,Anambra,Anambra East,6.869,6.297,15,201300
72,Anambra,Anambra West,6.812,6.415,15,221400
73,Anambra,Anaocha,6.996,6.07,15,376100
74,Anambra,Awka North,7.027,6.317,15,148400
75,Anambra,Awka South,7.055,6.167,15,250900
76,Anambra,Ayamelum,6.949,6.501,15,209300
77,Anambra,Dunukofia,6.94,6.424,15,127700
78,Anambra,Ekwusigo,6.821,5.993,15,209600
79,Anambra,Idemili North,6.894,6.112,15,570300
80,Anambra,Idemili South,6.892,6.064,15,273600
81,Anambra,Ihiala,6.866,5.814,15,400000
82,Anambra,Njikoka,6.966,6.157,15,196300
83,Anambra,Nnewi North,6.88,5.986,15,205700
84,Anambra,Nnewi South,6.917,5.921,15,308800
85,Anambra,Ogbaru,6.721,5.814,15,295500
86,Anambra,Onitsha North,6.786,6.105,15,166600
87,Anambra,Onitsha South,6.753,6.07,15,181500
88,Anambra,Orumba North,7.139,6.088,15,228600
89,Anambra,Orumba South,7.204,5.968,15,244200
90,Anambra,Oyi,6.68,6.189,15,222600
91,Bauchi,Alkaleri,10.493,9.877,35,461200
92,Bauchi,Bauchi,9.95,10.156,35,693700
93,Bauchi,Bogoro,9.596,9.616,35,117700
94,Bauchi,Damban,10.809,11.558,31,211000
95,Bauchi,Darazo,10.623,11.111,31,351200
96,Bauchi,Dass,9.479,9.991,35,126600
97,Bauchi,Gamawa,10.643,11.96,31,399600
98,Bauchi,Gamjuwa,10.074,10.658,35,391200
99,Bauchi,Giade,10.263,11.338,31,219200
100,Bauchi,Itas/Gadau,10.098,11.874,31,321100
101,Bauchi,Jama'are,9.916,11.647,31,165100
102,Bauchi,Katagum,10.393,11.654,31,411700
103,Bauchi,Kirfi,10.555,10.369,35,204600
104,Bauchi,Misau,10.507,11.338,31,367300
105,Bauchi,Ningi,9.208,11.022,35,542300
106,Bauchi,Shira,10.084,11.414,31,328800
107,Bauchi,Tafawa-Balewa,9.41,9.757,35,310900
108,Bauchi,Toro,8.974,10.424,35,486100
109,Bauchi,Warji,9.764,11.115,31,161500
110,Bauchi,Zaki,10.28,12.125,31,266500
111,Bayelsa,Brass,6.498,4.672,10,246100
112,Bayelsa,Ekeremor,5.845,5.006,10,360300
113,Bayelsa,Kolokuma/Opokuma,6.217,5.03,10,105900
114,Bayelsa,Nembe,6.41,4.57,10,175000
115,Bayelsa,Ogbia,6.258,4.753,10,240000
116,Bayelsa,Sagbama,6.082,5.073,10,249700
117,Bayelsa,Southern Ijaw,6.1,4.773,10,430100
118,Bayelsa,Yenagoa,6.366,5.039,10,470800
119,Benue,Ado,7.987,6.758,7,248900
120,Benue,Agatu,7.921,7.811,7,156000
121,Benue,Apa,7.873,7.59,7,130600
122,Benue,Buruku,9.2,7.449,7,278400
123,Benue,Gboko,8.819,7.3,7,487700
124,Benue,Guma,8.813,7.839,7,262100
125,Benue,Gwer East,8.362,7.297,7,227700
126,Benue,Gwer West,8.22,7.597,7,165100
127,Benue,Katsina (Benue),9.497,7.263,7,304400
128,Benue,Konshisha,8.687,7.004,7,305700
129,Benue,Kwande,9.304,6.796,7,335600
130,Benue,Logo,9.264,7.663,7,228900
131,Benue,Makurdi,8.545,7.638,7,405500
132,Benue,Obi,8.249,6.979,7,133200
133,Benue,Ogbadibo,7.659,6.925,7,176800
134,Benue,Ohimini,7.914,7.203,7,95400
135,Benue,Oju,8.33,6.777,7,227400
136,Benue,Okpokwu,7.826,6.966,7,237000
137,Benue,Oturkpo,8.009,7.414,7,359600
138,Benue,Tarka,8.86,7.543,7,107000
139,Benue,Ukum,9.554,7.641,7,292900
140,Benue,Ushongo,8.98,7.051,7,259100
141,Benue,Vandeikya,9.078,6.79,7,316600
142,Borno,Abadam,13.064,13.322,19,140600
143,Borno,Askira/Uba,13.23,10.71,34,201300
144,Borno,Bama,14.059,11.546,19,379500
145,Borno,Bayo,11.802,10.28,34,111100
146,Borno,Biu,12.135,10.813,34,246900
147,Borno,Chibok,12.812,10.798,34,93200
148,Borno,Damboa,12.731,11.105,34,327600
149,Borno,Dikwa,14.133,11.846,19,147600
150,Borno,Gubio,12.782,12.63,19,212500
151,Borno,Guzamala,13.341,12.837,19,134900
152,Borno,Gwoza,13.67,11.109,19,388600
153,Borno,Hawul,12.35,10.384,34,169600
154,Borno,Jere,13.263,11.931,19,293800
155,Borno,Kaga,12.609,11.55,34,126400
156,Borno,Kala/Balge,14.536,11.927,19,85500
157,Borno,Konduga,13.323,11.557,19,221000
158,Borno,Kukawa,13.626,12.908,19,285700
159,Borno,Kwaya Kusar,12.013,10.373,34,79700
160,Borno,Mafa,13.641,11.964,19,145600
161,Borno,Magumeri,12.697,12.116,19,197100
162,Borno,Maiduguri,13.189,11.831,19,758700
163,Borno,Marte,13.8,12.327,19,181800
164,Borno,Mobbar,12.775,13.148,19,163900
165,Borno,Monguno,13.522,12.423,19,154300
166,Borno,Ngala,14.222,12.145,19,332300
167,Borno,Nganzai,13.189,12.393,19,139200
168,Borno,Shani,12.016,10.177,34,141900
169,Cross River,Abi,8.019,5.904,30,192900
170,Cross River,Akamkpa,8.488,5.418,30,200100
171,Cross River,Akpabuyo,8.423,4.839,30,363900
172,Cross River,Bakassi,8.498,4.717,30,42300
173,Cross River,Bekwarra,8.886,6.643,7,141000
174,Cross River,Biase,8.045,5.593,30,224700
175,Cross River,Boki,8.954,6.239,7,249400
176,Cross River,Calabar South,8.265,4.847,30,255900
177,Cross River,Calabar,8.303,4.985,30,245500
178,Cross River,Etung,8.724,5.781,30,107000
179,Cross River,Ikom,8.631,6.137,30,218800
180,Cross River,Obanliku,9.222,6.612,7,146500
181,Cross River,Obubra,8.358,5.916,30,230600
182,Cross River,Obudu,9.044,6.575,7,215800
183,Cross River,Odukpani,8.203,5.07,30,257800
184,Cross River,Ogoja,8.764,6.575,7,229300
185,Cross River,Yakurr,8.165,5.746,30,262300
186,Cross River,Yala Cross,8.696,6.71,7,282700
187,Delta,Aniocha North,6.491,6.334,11,143300
188,Delta,Aniocha South,6.5,6.036,11,195600
189,Delta,Bomadi,5.901,5.142,10,118500
190,Delta,Burutu,5.707,5.153,10,286400
191,Delta,Ethiope West,5.778,5.884,10,279200
192,Delta,Ethiope East,5.978,5.628,10,276700
193,Delta,Ika North,6.3,6.139,11,251800
194,Delta,Ika South,6.117,6.256,11,230100
195,Delta,Isoko North,6.354,5.507,10,197700
196,Delta,Isoko South,6.161,5.409,10,323800
197,Delta,Ndokwa East,6.565,5.866,10,142200
198,Delta,Ndokwa West,6.397,5.868,10,206600
199,Delta,Okpe,5.805,5.646,10,176800
200,Delta,Oshimili North,6.627,6.412,11,163200
201,Delta,Oshimili South,6.603,6.029,11,206600
202,Delta,Patani,6.13,5.171,10,92800
203,Delta,Sapele,5.644,5.774,10,240000
204,Delta,Udu,5.834,5.449,10,196200
205,Delta,Ughelli North,6.081,5.642,10,441600
206,Delta,Ughelli South,5.957,5.274,10,292800
207,Delta,Ukwuani,6.287,5.866,10,163900
208,Delta,Uvwie,5.767,5.559,10,259900
209,Delta,Warri North,5.115,5.987,11,187500
210,Delta,Warri South-West,5.225,5.483,10,160500
211,Delta,Warri South,5.574,5.729,10,429600
212,Ebonyi,Abakaliki,8.128,6.216,6,198100
213,Ebonyi,Afikpo North,7.944,5.92,6,207300
214,Ebonyi,Afikpo South,7.851,5.765,6,208400
215,Ebonyi,Ebonyi,8.108,6.402,6,168300
216,Ebonyi,Ezza North,7.969,6.263,6,193400
217,Ebonyi,Ezza South,7.958,6.08,6,176800
218,Ebonyi,Ikwo,8.143,6.052,6,284400
219,Ebonyi,Ishielu,7.813,6.35,6,201900
220,Ebonyi,Ivo,7.584,5.857,6,160600
221,Ebonyi,Izzi,8.309,6.409,6,313200
222,Ebonyi,Ohaozara,7.744,6.014,6,196200
223,Ebonyi,Ohaukwu,7.964,6.42,6,258700
224,Ebonyi,Onicha,7.785,6.158,6,313100
225,Edo,Akoko-Edo,6.173,7.161,11,342600
226,Edo,Egor,5.526,6.314,11,445800
227,Edo,Esan Central,6.188,6.634,11,137900
228,Edo,Esan North-East,6.456,6.812,11,159800
229,Edo,Esan South-East,6.368,6.523,11,217900
230,Edo,Esan West,6.088,6.535,11,167300
231,Edo,Etsako Central,6.464,7.052,11,123400
232,Edo,Etsako East,6.383,7.262,11,193000
233,Edo,Etsako West,6.306,7.113,11,260700
234,Edo,Igueben,6.229,6.435,11,92100
235,Edo,Ikpoba-Okha,5.682,6.233,11,487400
236,Edo,Oredo Edo,5.501,6.186,11,490600
237,Edo,Orhionmwon,5.851,6.113,11,241000
238,Edo,Ovia North-East,5.585,6.598,11,203500
239,Edo,Ovia South-West,5.218,6.658,11,180900
240,Edo,Owan East,6.049,6.97,11,202600
241,Edo,Owan West,5.869,6.824,11,129800
242,Edo,Uhunmwonde,5.782,6.389,11,159500
243,Ekiti,Ado-Ekiti,5.241,7.593,25,427700
244,Ekiti,Efon,4.947,7.608,25,118900
245,Ekiti,Ekiti East,5.634,7.701,25,188600
246,Ekiti,Ekiti South-West,5.103,7.541,25,225100
247,Ekiti,Ekiti West,5.028,7.569,25,244900
248,Ekiti,Emure/Ise/Orun,5.498,7.357,25,128500
249,Ekiti,Gboyin,5.431,7.567,25,201800
250,Ekiti,Ido/Osi,5.147,7.798,25,218100
251,Ekiti,Ijero,5.059,7.766,25,302500
252,Ekiti,Ikere,5.172,7.455,25,202500
253,Ekiti,Ikole,5.56,7.788,25,232300
254,Ekiti,Ilejemeje,5.188,7.924,25,59300
255,Ekiti,Irepodun/Ifelodun,5.167,7.651,25,179100
256,Ekiti,Ise/Orun,5.405,7.326,25,155400
257,Ekiti,Moba,5.084,7.944,25,198300
258,Ekiti,Oye,5.318,7.793,25,187900
259,Enugu,Aninri,7.542,6.062,6,183900
260,Enugu,Awgu,7.412,6.207,6,266300
261,Enugu,Enugu East,7.546,6.523,6,374100
262,Enugu,Enugu North,7.466,6.446,6,326900
263,Enugu,Enugu South,7.527,6.383,6,267300
264,Enugu,Ezeagu,7.196,6.359,6,230300
265,Enugu,Igbo-Etiti,7.38,6.675,6,281200
266,Enugu,Igbo-eze North,7.436,7.021,6,349400
267,Enugu,Igbo-eze South,7.329,6.988,6,198900
268,Enugu,Isi-Uzo,7.627,6.7,6,200600
269,Enugu,Nkanu East,7.651,6.341,6,207300
270,Enugu,Nkanu West,7.513,6.259,6,198900
271,Enugu,Nsukka,7.339,6.806,6,417700
272,Enugu,Oji-River,7.296,6.105,6,173800
273,Enugu,Udenu,7.52,6.883,6,241200
274,Enugu,Udi,7.289,6.576,6,321700
275,Enugu,Uzo-Uwani,7.09,6.767,6,171600
276,Federal Capital Territory,Abaji,6.799,8.877,26,148600
277,Federal Capital Territory,Abuja Municipal,7.264,8.967,26,1967500
278,Federal Capital Territory,Bwari,7.354,9.205,26,581100
279,Federal Capital Territory,Gwagwalada,6.943,9.061,26,402000
280,Federal Capital Territory,Kuje,7.212,8.562,26,246400
281,Federal Capital Territory,Kwali,6.926,8.643,26,218400
282,Gombe,Akko,10.958,10.065,33,464700
283,Gombe,Balanga,11.57,9.68,33,291200
284,Gombe,Billiri,11.135,9.841,33,279100
285,Gombe,Dukku,10.776,10.791,33,286000
286,Gombe,Funakaye,11.323,10.76,33,327300
287,Gombe,Gombe,11.2387,10.3087,33,367500
288,Gombe,Kaltungo,11.439,9.789,33,220900
289,Gombe,Kwami,11.179,10.492,33,267200
290,Gombe,Nafada,11.189,11.002,33,193100
291,Gombe,Shomgom,11.186,9.657,33,207900
292,Gombe,Yamaltu/Deba,11.548,10.211,33,352200
293,Imo,Aboh-Mbaise,7.2351,5.4614,9,268200
294,Imo,Ahiazu-Mbaise,7.2576,5.5256,9,235200
295,Imo,Ehime-Mbano,7.2785,5.6133,9,179800
296,Imo,Ezinihitte,7.3054,5.4545,9,232400
297,Imo,Ideato South,7.1639,5.7807,9,215100
298,Imo,Ideato North,7.1275,5.8588,9,219900
299,Imo,Ihitte/Uboma,7.3618,5.6098,9,164500
300,Imo,Ikeduru,7.1414,5.5378,9,206200
301,Imo,Isiala-Mbano,7.1952,5.648,9,272600
302,Imo,Isu,7.0702,5.661,9,226300
303,Imo,Mbaitoli,7.0216,5.576,9,327000
304,Imo,Ngor-Okpala,7.1041,5.294,9,217400
305,Imo,Njaba,7.0138,5.7035,9,197600
306,Imo,Nkwerre,7.1032,5.7261,9,110500
307,Imo,Nwangele,7.1006,5.6844,9,175800
308,Imo,Obowo,7.3392,5.5577,9,161700
309,Imo,Oguta,6.7952,5.6558,9,196000
310,Imo,Ohaji/Egbema,6.8342,5.4536,9,251900
311,Imo,Okigwe,7.3496,5.7911,9,182700
312,Imo,Orlu,7.0494,5.7616,9,196600
313,Imo,Orsu,6.9921,5.8319,9,165600
314,Imo,Oru East,6.9583,5.6679,9,153900
315,Imo,Oru West,6.8976,5.7052,9,159300
316,Imo,Owerri Municipal,7.0364,5.4684,9,172600
317,Imo,Owerri North,7.1188,5.4163,9,242800
318,Imo,Owerri West,6.9618,5.4441,9,140100
319,Imo,Unuimo,7.229,5.7512,9,136800
320,Jigawa,Auyo,9.874,12.28,14,176800
321,Jigawa,Babura,8.791,12.515,14,284600
322,Jigawa,Biriniwa,9.937,12.737,14,189800
323,Jigawa,Birnin Kudu,9.431,11.425,14,419800
324,Jigawa,Buji,9.744,11.505,14,130000
325,Jigawa,Dutse,9.244,11.769,14,335600
326,Jigawa,Gagarawa,9.472,12.458,14,109800
327,Jigawa,Garki,8.984,12.351,14,200800
328,Jigawa,Gumel,9.365,12.552,14,142200
329,Jigawa,Guri,9.818,11.392,14,151500
330,Jigawa,Gwaram,9.732,11.31,14,362700
331,Jigawa,Gwiwa,8.229,12.731,1,172000
332,Jigawa,Hadejia,10.031,12.423,14,139400
333,Jigawa,Jahun,9.445,12.034,14,307200
334,Jigawa,Kafin Hausa,9.927,12.116,14,357200
335,Jigawa,Kaugama,9.734,12.364,14,172400
336,Jigawa,Kazaure,8.455,12.616,1,215400
337,Jigawa,Kiri Kasama,10.157,12.46,14,257400
338,Jigawa,Kiyawa,9.472,11.753,14,231100
339,Jigawa,Maigatari,9.511,12.669,14,236600
340,Jigawa,Malam Madori,9.896,12.45,14,220200
341,Jigawa,Miga,9.587,12.183,14,170900
342,Jigawa,Ringim,9.033,12.165,14,257100
343,Jigawa,Roni,8.365,12.484,1,103500
344,Jigawa,Sule-Tankarkar,9.127,12.583,14,180200
345,Jigawa,Taura,9.289,12.2,14,176200
346,Jigawa,Yankwashi,8.574,12.688,1,127800
347,Kaduna,Birnin-Gwari,6.454,10.801,16,349000
348,Kaduna,Chikun,7.342,10.24,26,502500
349,Kaduna,Giwa,7.518,11.129,16,394700
350,Kaduna,Igabi,7.692,10.637,16,581500
351,Kaduna,Ikara,8.197,11.164,16,262800
352,Kaduna,Jaba,7.985,9.383,26,210500
353,Kaduna,Jema'a,8.16,9.307,26,375500
354,Kaduna,Kachia,7.536,9.895,26,340900
355,Kaduna,Kaduna North,7.455,10.596,16,492100
356,Kaduna,Kaduna South,7.422,10.455,16,543600
357,Kaduna,Kagarko,7.789,9.604,26,322700
358,Kaduna,Kajuru,7.725,10.192,26,148200
359,Kaduna,Kaura,8.436,9.602,26,235700
360,Kaduna,Kauru,8.15,10.359,16,298700
361,Kaduna,Kubau,8.277,10.781,16,378900
362,Kaduna,Kudan,7.815,11.183,16,187600
363,Kaduna,Lere,8.457,10.324,16,458600
364,Kaduna,Makarfi,7.945,11.25,16,197900
365,Kaduna,Sabon-Gari,7.709,11.129,16,393300
366,Kaduna,Sanga,8.463,9.157,26,204500
367,Kaduna,Soba,7.91,10.863,16,393000
368,Kaduna,Zangon-Kataf,8.117,9.908,26,430600
369,Kaduna,Zaria,7.688,10.994,16,549400
370,Kano,Ajingi,8.905,11.933,1,240100
371,Kano,Albasu,8.9829,11.6045,1,261000
372,Kano,Bagwai,8.1885,12.0296,1,224700
373,Kano,Bebeji,8.2637,11.5562,1,266900
374,Kano,Bichi,8.1924,12.2004,1,387100
375,Kano,Bunkure,8.5243,11.6509,1,242700
376,Kano,Dala,8.4599,11.9954,1,582500
377,Kano,Dambatta,8.5958,12.339,1,292800
378,Kano,Dawakin Kudu,8.6434,11.7709,1,313700
379,Kano,Dawakin Tofa,8.3262,12.1057,1,342500
380,Kano,Doguwa,8.6983,10.7777,1,209500
381,Kano,Fagge,8.5419,11.9818,1,278300
382,Kano,Gabasawa,8.8474,12.0891,1,293800
383,Kano,Garko,8.7703,11.5718,1,225300
384,Kano,Garum Mallam,8.3721,11.6684,1,165000
385,Kano,Gaya,8.9177,11.7602,1,288500
386,Kano,Gezawa,8.6805,12.015,1,392700
387,Kano,Gwale,8.456,11.9662,1,497700
388,Kano,Gwarzo,8.0382,11.9805,1,255400
389,Kano,Kabo,8.1895,11.8236,1,213000
390,Kano,Kano Municipal,8.4794,11.9349,1,516400
391,Kano,Karaye,8.0172,11.7099,1,200400
392,Kano,Kibiya,8.6786,11.5503,1,192800
393,Kano,Kiru,8.1846,11.687,1,371600
394,Kano,Kumbotso,8.4706,11.8929,1,409500
395,Kano,Kunchi,8.2291,12.3634,1,153200
396,Kano,Kura,8.4375,11.7651,1,199000
397,Kano,Madobi,8.3057,11.7582,1,191500
398,Kano,Makoda,8.5043,12.2668,1,306100
399,Kano,Minjibir,8.5644,12.1614,1,305500
400,Kano,Nassarawa,8.5024,12.0106,1,829600
401,Kano,Rano,8.4687,11.5259,1,206200
402,Kano,Rimin Gado,8.2198,11.9662,1,143800
403,Kano,Rogo,7.8254,11.5542,16,316600
404,Kano,Shanono,7.9416,12.0111,1,193500
405,Kano,Sumaila,8.8767,11.4283,1,348300
406,Kano,Takai,9.0671,11.4752,1,281900
407,Kano,Tarauni,8.5253,11.9525,1,308600
408,Kano,Tofa,8.3486,11.9593,1,137200
409,Kano,Tsanyawa,8.025,12.1868,8,219400
410,Kano,Tudun Wada,8.7235,11.4029,1,318100
411,Kano,Ungogo,8.4794,12.0647,1,508700
412,Kano,Warawa,8.7645,11.849,1,183400
413,Kano,Wudil,8.7986,11.6977,1,262400
414,Katsina,Bakori,7.376,11.649,16,201800
415,Katsina,Batagarawa,7.6,12.862,8,255200
416,Katsina,Batsari,7.251,12.7,8,280600
417,Katsina,Baure,8.658,12.764,1,273900
418,Katsina,Bindawa,7.852,12.723,8,203800
419,Katsina,Charanchi,7.678,12.547,8,184900
420,Katsina,Dandume,7.128,11.48,16,196200
421,Katsina,Danja,7.473,11.474,16,169400
422,Katsina,Dan musa,7.253,12.231,8,152800
423,Katsina,Daura,8.258,12.942,8,303600
424,Katsina,Dutsi,8.145,12.85,8,163200
425,Katsina,Dutsin-Ma,7.491,12.36,8,229200
426,Katsina,Faskari,7.03,11.604,16,262400
427,Katsina,Funtua,7.251,11.511,16,303900
428,Katsina,Ingawa,8.022,12.614,8,228300
429,Katsina,Jibia,7.424,12.985,8,226000
430,Katsina,Kafur,7.475,12.62,8,282600
431,Katsina,Kaita,7.645,13.127,8,246200
432,Katsina,Kankara,7.415,11.856,8,328400
433,Katsina,Kankiya,7.799,12.37,8,204400
434,Katsina,Katsina (K),7.604,12.973,8,429400
435,Katsina,Kurfi,7.465,12.618,8,157500
436,Katsina,Kusada,7.993,12.481,8,132800
437,Katsina,Mai'Adua,8.192,13.135,8,272400
438,Katsina,Malumfashi,7.618,11.804,8,246900
439,Katsina,Mani,7.838,12.883,8,238000
440,Katsina,Mashi,7.955,13.049,8,230900
441,Katsina,Matazu,7.59,12.198,8,153600
442,Katsina,Musawa,7.641,12.067,8,229500
443,Katsina,Rimi,7.665,12.762,8,208000
444,Katsina,Sabuwa,7.059,11.345,16,189900
445,Katsina,Safana,7.2,12.456,8,250000
446,Katsina,Sandamu,8.349,12.896,8,184900
447,Katsina,Zango,8.562,12.873,8,210600
448,Kebbi,Aleiro,4.461,12.285,23,91500
449,Kebbi,Arewa,3.88,12.492,23,258700
450,Kebbi,Argungu,4.332,12.586,23,273000
451,Kebbi,Augie,4.531,12.884,23,158700
452,Kebbi,Bagudo,3.95,11.345,23,324500
453,Kebbi,Birnin Kebbi,4.213,12.379,23,366200
454,Kebbi,Bunza,3.958,12.081,23,168400
455,Kebbi,Dandi,8.824,11.843,1,199300
456,Kebbi,Danko Wasagu,5.759,11.285,32,361700
457,Kebbi,Fakai,4.933,11.363,23,163300
458,Kebbi,Gwandu,4.635,12.447,23,206000
459,Kebbi,Jega,4.501,11.964,23,269600
460,Kebbi,Kalgo,4.125,12.214,23,115800
461,Kebbi,Koko/Besse,4.438,11.282,23,211100
462,Kebbi,Maiyama,4.385,11.765,23,236900
463,Kebbi,Ngaski,4.888,10.82,32,171900
464,Kebbi,Sakaba,5.479,11.227,32,125100
465,Kebbi,Shanga,4.663,11.313,23,173300
466,Kebbi,Suru,4.112,11.881,23,202400
467,Kebbi,Yauri,4.506,11.068,23,137100
468,Kebbi,Zuru,5.224,11.388,32,225400
469,Kogi,Adavi,6.336,7.531,18,293200
470,Kogi,Ajaokuta,6.594,7.402,18,165300
471,Kogi,Ankpa,7.607,7.39,18,359300
472,Kogi,Bassa,6.945,7.711,18,188600
473,Kogi,Dekina,7.076,7.544,18,352300
474,Kogi,Ibaji,6.715,6.758,18,172200
475,Kogi,Idah,6.703,7.039,18,107700
476,Kogi,Igalamela-Odolu,7.046,6.973,18,198500
477,Kogi,Ijumu,5.973,7.908,18,160100
478,Kogi,Kabba/Bunu,6.162,8.201,18,195200
479,Kogi,Koton karfe,6.874,8.024,18,155400
480,Kogi,Lokoja,6.637,8.019,18,265400
481,Kogi,Mopa-Muro,5.841,8.034,17,59100
482,Kogi,Ofu,6.965,7.289,18,258500
483,Kogi,Ogori/Magongo,6.146,7.442,18,53700
484,Kogi,Okehi,6.27,7.621,18,301800
485,Kogi,Okene,6.23,7.48,18,439500
486,Kogi,Olamaboro,7.475,7.154,18,213900
487,Kogi,Omala,7.53,7.709,18,145700
488,Kogi,Yagba East,5.691,8.081,17,199300
489,Kogi,Yagba West,5.583,8.25,17,188900
490,Kwara,Asa,4.45,8.376,17,168300
491,Kwara,Baruten,3.571,9.205,17,279000
492,Kwara,Edu,5.257,8.75,17,272200
493,Kwara,Ekiti,5.34,8.035,17,73400
494,Kwara,Ifelodun,4.984,8.452,17,276700
495,Kwara,Ilorin East,4.868,8.629,17,280000
496,Kwara,Ilorin South,4.719,8.419,17,282500
497,Kwara,Ilorin West,4.545,8.51,17,493000
498,Kwara,Irepodun,4.977,8.111,17,199200
499,Kwara,Isin,5.052,8.206,17,80300
500,Kwara,Kaiama,4.201,9.12,17,167400
501,Kwara,Moro,4.458,8.751,17,146700
502,Kwara,Offa,4.706,8.108,17,120100
503,Kwara,Oke-Ero,5.245,8.155,17,76900
504,Kwara,Oyun,4.662,8.228,17,127500
505,Kwara,Pategi,5.951,8.535,17,149600
506,Lagos,Agege,3.2963,6.6472,4,635900
507,Lagos,Ajeromi/Ifelodun,3.3203,6.4666,4,946500
508,Lagos,Alimosho,3.2401,6.5771,4,1817200
509,Lagos,Amuwo Odofin,3.2647,6.4849,4,453000
510,Lagos,Apapa,3.3544,6.4401,4,307100
511,Lagos,Badagary,2.9837,6.4344,4,327400
512,Lagos,Epe,3.6726,6.5386,4,250300
513,Lagos,Eti-Osa,3.5078,6.4515,4,390800
514,Lagos,Ibeju/Lekki,3.6752,6.4458,4,162200
515,Lagos,Ifako/Ijaye,3.3234,6.6636,4,589000
516,Lagos,Ikeja,3.3209,6.6049,4,437400
517,Lagos,Ikorodu,3.5407,6.6024,4,727000
518,Lagos,Kosofe,3.3828,6.5879,4,940300
519,Lagos,Lagos Island,3.4567,6.4931,4,292900
520,Lagos,Mainland,3.3695,6.4912,4,449900
521,Lagos,Mushin,3.3392,6.5493,4,870100
522,Lagos,Ojo,3.1706,6.459,4,838900
523,Lagos,Oshodi/Isolo,3.307,6.5525,4,866300
524,Lagos,Shomolu,3.3834,6.5437,4,555800
525,Lagos,Surulere,3.3354,6.4887,4,692500
526,Nassarawa,Akwanga,8.311,8.958,29,151100
527,Nassarawa,Awe,9.114,8.239,29,152600
528,Nassarawa,Doma,8.326,8.297,29,187600
529,Nassarawa,Karu,7.674,9.024,29,291900
530,Nassarawa,Keana,8.713,8.153,29,110400
531,Nassarawa,Keffi,7.806,8.814,29,124900
532,Nassarawa,Kokona,8.036,8.739,29,146500
533,Nassarawa,Lafia,8.571,8.567,29,445300
534,Nassarawa,Nasarawa,7.705,8.271,29,252700
535,Nassarawa,Nassarawa Eggon,8.334,8.668,29,200300
536,Nassarawa,Obi,8.632,8.302,29,201100
537,Nassarawa,Toto,7.141,8.18,18,160700
538,Nassarawa,Wamba,8.652,8.923,29,98100
539,Niger,Agaie,6.384,8.952,22,185600
540,Niger,Agwara,4.513,10.854,32,80600
541,Niger,Bida,5.978,9.091,22,260700
542,Niger,Borgu,4.094,10.606,32,242800
543,Niger,Bosso,6.333,9.52,22,208100
544,Niger,Chanchaga,6.512,9.606,22,284000
545,Niger,Edati,5.633,8.99,22,224500
546,Niger,Gbako,5.952,9.212,22,178200
547,Niger,Gurara,6.932,9.298,22,127700
548,Niger,Katcha,6.255,9.313,22,169800
549,Niger,Kontagora,5.472,10.48,32,213500
550,Niger,Lapai,6.644,9.025,22,164400
551,Niger,Lavun,5.542,9.541,22,294700
552,Niger,Magama,5.133,10.541,32,255000
553,Niger,Mariga,5.846,10.551,32,280400
554,Niger,Mashegu,5.237,9.957,32,302300
555,Niger,Mokwa,5.201,9.278,17,341200
556,Niger,Muya,6.909,9.672,22,145400
557,Niger,Paikoro,6.712,9.394,22,222200
558,Niger,Rafi,6.189,10.061,22,261500
559,Niger,Rijau,5.174,10.836,32,247600
560,Niger,Shiroro,6.603,10.177,22,331100
561,Niger,Suleja,7.139,9.157,22,302200
562,Niger,Tafa,7.207,9.2,22,117800
563,Niger,Wushishi,5.944,9.644,22,114900
564,Ogun,Abeokuta South,3.359,7.159,4,348200
565,Ogun,Abeokuta North,3.208,7.171,4,276500
566,Ogun,Ado-Odo/Ota,3.045,6.62,4,733400
567,Ogun,Egbado North,2.918,7.035,4,255700
568,Ogun,Egbado South,2.971,6.853,4,234200
569,Ogun,Ewekoro,3.165,6.925,4,76600
570,Ogun,Ifo,3.124,6.819,4,750000
571,Ogun,Ijebu North-East,3.972,6.877,4,95700
572,Ogun,Ijebu East,4.241,6.869,3,152100
573,Ogun,Ijebu North,3.87,6.958,4,390200
574,Ogun,IjebuOde,3.962,6.718,4,218600
575,Ogun,Ikenne,3.681,6.897,4,165700
576,Ogun,Imeko-Afon,2.903,7.519,4,115400
577,Ogun,Ipokia,2.811,6.51,4,209200
578,Ogun,Obafemi-Owode,3.451,7.034,4,327000
579,Ogun,Odeda,3.464,7.241,4,152300
580,Ogun,Odogbolu,3.826,6.759,4,174800
581,Ogun,Ogun Waterside,4.412,6.461,3,103200
582,Ogun,Remo-North,3.738,6.979,4,83100
583,Ogun,Shagamu,3.52,6.759,4,355900
584,Ondo,Akoko North-East,5.814,7.527,3,241700
585,Ondo,Akoko South-East,5.895,7.414,3,111300
586,Ondo,Akoko South-West,5.671,7.361,3,308300
587,Ondo,Akoko North-West,5.721,7.608,3,286000
588,Ondo,Akure North,5.264,7.297,3,176500
589,Ondo,Akure South,5.178,7.212,3,486300
590,Ondo,Ese-Odo,4.943,6.219,3,213600
591,Ondo,Idanre,5.119,6.931,3,175200
592,Ondo,Ifedore,5.072,7.328,3,238100
593,Ondo,IlajeEseodo,4.724,6.297,3,391200
594,Ondo,IleOluji/Okeigbo,4.973,7.246,3,232000
595,Ondo,Irele,4.933,6.518,3,194600
596,Ondo,Odigbo,4.841,6.749,3,313600
597,Ondo,Okitipupa,4.708,6.489,3,316100
598,Ondo,Ondo East,4.954,7.02,3,102700
599,Ondo,Ondo West,4.762,6.96,3,389900
600,Ondo,Ose,5.701,6.972,3,194600
601,Ondo,Owo,5.519,7.117,3,300000
602,Osun,Atakumosa East,4.809,7.233,3,104800
603,Osun,Atakumosa West,4.652,7.54,3,94100
604,Osun,Aiyedaade,4.326,7.213,3,206000
605,Osun,Aiyedire,4.244,7.507,3,105100
606,Osun,Boluwaduro,4.815,7.942,3,97700
607,Osun,Boripe,4.644,7.795,3,191100
608,Osun,Ede North,4.509,7.708,3,115400
609,Osun,Ede South,4.461,7.641,3,104000
610,Osun,Egbedore,4.403,7.735,3,101900
611,Osun,Ejigbo,4.259,7.846,5,182500
612,Osun,Ife East,4.635,7.393,3,259700
613,Osun,Ife North,4.476,7.369,3,211100
614,Osun,Ife South,4.558,7.161,3,185200
615,Osun,Ife Central,4.602,7.447,3,230300
616,Osun,Ifedayo,4.991,7.943,3,51700
617,Osun,Ifelodun,4.647,7.88,3,132800
618,Osun,Ila,4.889,8.004,3,85500
619,Osun,Ilesha East,4.748,7.454,3,145200
620,Osun,Ilesha West,4.708,7.617,3,147100
621,Osun,Irepodun,4.4903,7.8214,3,164700
622,Osun,Irewole,4.216,7.348,3,196700
623,Osun,Isokan,4.155,7.256,5,140500
624,Osun,Iwo,4.141,7.611,5,263500
625,Osun,Obokun,4.754,7.761,3,160900
626,Osun,Odo-Otin,4.657,7.991,3,181900
627,Osun,Ola-Oluwa,4.25,7.702,5,105000
628,Osun,Olorunda,4.588,7.822,3,181300
629,Osun,Oriade,4.908,7.48,3,204300
630,Osun,Orolu,4.484,7.884,3,141600
631,Osun,Osogbo,4.597,7.737,3,214200
632,Oyo,Afijio,3.919,7.712,5,185700
633,Oyo,Akinyele,3.911,7.539,5,297600
634,Oyo,Atiba,3.901,8.167,5,236400
635,Oyo,Atisbo,3.266,8.318,5,154500
636,Oyo,Egbeda,4.083,7.404,5,398500
637,Oyo,IbadanNorth-East,3.9287,7.3651,5,465700
638,Oyo,IbadanNorth-West,3.8792,7.3918,5,216400
639,Oyo,IbadanNorth,3.1975,7.4088,5,432900
640,Oyo,IbadanSouth-East,3.9011,7.3333,5,374400
641,Oyo,IbadanSouth-West,3.8602,7.356,5,397700
642,Oyo,Ibarapa Central,3.244,7.405,5,145100
643,Oyo,Ibarapa East,3.498,7.575,5,164600
644,Oyo,Ibarapa North,3.203,7.61,5,140900
645,Oyo,Ido,3.747,7.491,5,146200
646,Oyo,Irepo,3.971,8.932,5,170300
647,Oyo,Iseyin,3.537,7.895,5,359100
648,Oyo,Itesiwaju,3.616,8.151,5,179000
649,Oyo,Iwajowa,3.074,8.01,5,144500
650,Oyo,Kajola,3.344,7.951,5,281700
651,Oyo,Lagelu,4.03,7.474,5,208100
652,Oyo,Ogbomosho North,4.262,8.133,5,279400
653,Oyo,Ogbomosho South,4.234,8.074,5,141000
654,Oyo,Ogo-Oluwa,4.185,7.957,5,91600
655,Oyo,Olorunsogo,4.045,8.682,5,114300
656,Oyo,Oluyole,3.887,7.138,5,285900
657,Oyo,Ona-Ara,4.067,7.211,5,373100
658,Oyo,Orelope,3.793,8.782,5,146100
659,Oyo,Ori-Ire,4.2,8.277,5,209900
660,Oyo,Oyo East,4.045,7.883,5,174300
661,Oyo,Oyo West,3.835,7.91,5,191700
662,Oyo,Saki East,3.638,8.619,5,153100
663,Oyo,Saki West,3.116,8.479,5,383900
664,Oyo,Surulere,4.416,7.966,5,197200
665,Plateau,Barkin Ladi,8.974,9.463,20,235500
666,Plateau,Bassa,8.729,10.103,20,248700
667,Plateau,Bokkos,8.931,9.136,20,235200
668,Plateau,Jos East,9.032,9.813,20,115700
669,Plateau,Jos North,8.864,9.887,20,572700
670,Plateau,Jos South,8.77,9.712,20,407900
671,Plateau,Kanam,9.925,9.486,20,219600
672,Plateau,Kanke,9.561,9.362,20,162800
673,Plateau,Langtang North,9.8,9.116,20,186400
674,Plateau,Langtang South,9.844,8.554,20,137800
675,Plateau,Mangu,9.11,9.338,20,393700
676,Plateau,Mikang,9.649,8.985,20,126300
677,Plateau,Pankshin,9.362,9.271,20,249000
678,Plateau,Qua'an Pan,9.164,8.648,20,258400
679,Plateau,Riyom,8.655,9.507,20,172600
680,Plateau,Shendam,9.494,8.813,20,268700
681,Plateau,Wase,10.144,8.985,20,209400
682,Rivers,Abua/Odual,6.508,4.802,13,396800
683,Rivers,Ahoada East,6.641,5.115,13,233700
684,Rivers,Ahoada West,6.483,5.056,13,350200
685,Rivers,Akuku Toru,6.682,4.687,13,226300
686,Rivers,Andoni/O,7.416,4.461,13,306200
687,Rivers,Asari-Toru,6.821,4.763,13,308800
688,Rivers,Bonny,7.207,4.424,13,302000
689,Rivers,Degema,6.862,4.539,13,350500
690,Rivers,Eleme,7.183,4.748,13,267200
691,Rivers,Emuoha,6.732,4.908,13,282500
692,Rivers,Etche,7.017,5.095,13,351200
693,Rivers,Gokana,7.286,4.652,13,328500
694,Rivers,Ikwerre,6.924,4.973,13,265400
695,Rivers,Khana,7.399,4.716,13,411500
696,Rivers,Obio/Akpor,7.027,4.874,13,649600
697,Rivers,Ogba/Egbema/Ndoni,6.68,5.297,13,398000
698,Rivers,Ogu/Bolo,7.192,4.5,13,105800
699,Rivers,Okrika,7.089,4.628,13,312300
700,Rivers,Omumma,7.17,5.056,13,141000
701,Rivers,Opobo/Nkoro,7.505,4.51,13,214700
702,Rivers,Oyigbo,7.276,4.81,13,176100
703,Rivers,Port Harcourt,7.055,4.744,13,756600
704,Rivers,Tai,7.256,4.478,13,169000
705,Sokoto,Binji,4.854,13.177,12,140800
706,Sokoto,Bodinga,5.244,12.846,12,235300
707,Sokoto,Dange-Shuni,5.444,12.835,12,261100
708,Sokoto,Gada,5.301,13.661,12,336200
709,Sokoto,Goronyo,5.777,13.379,12,245800
710,Sokoto,Gudu,4.689,13.587,12,128800
711,Sokoto,Gwadabawa,5.361,13.442,12,312600
712,Sokoto,Illela,5.772,13.613,12,202700
713,Sokoto,Isa,6.159,13.22,12,202800
714,Sokoto,Kebbe,4.714,11.872,12,166200
715,Sokoto,Kware,5.273,13.245,12,181000
716,Sokoto,Rabah,5.786,12.881,12,201300
717,Sokoto,Sabon Birni,6.253,13.419,12,280100
718,Sokoto,Shagari,5.253,12.442,12,211800
719,Sokoto,Silame,4.92,12.898,12,141200
720,Sokoto,Sokoto North,5.2598,13.0525,12,314500
721,Sokoto,Sokoto South,5.2769,13.0079,12,266800
722,Sokoto,Tambuwal,4.877,12.336,12,305000
723,Sokoto,Tangaza,5.028,13.433,12,154900
724,Sokoto,Tureta,5.424,12.445,12,92300
725,Sokoto,Wamakko,5.085,13.006,12,242000
726,Sokoto,Wurno,5.475,13.214,12,219200
727,Sokoto,Yabo,4.999,12.678,12,155600
728,Taraba,Ardo-Kola,11.293,8.823,24,117300
729,Taraba,Bali,10.988,8.032,24,282000
730,Taraba,Donga,10.236,7.756,24,177900
731,Taraba,Gashaka,11.407,7.559,24,116500
732,Taraba,Gassol,10.601,8.551,24,327500
733,Taraba,Ibi,9.746,8.211,24,112700
734,Taraba,Jalingo,11.371,8.927,24,187500
735,Taraba,Karim-Lamido,10.909,9.189,24,259200
736,Taraba,Kurmi,10.741,7.326,24,122000
737,Taraba,Lau,11.504,9.128,24,127200
738,Taraba,Sardauna,11.203,6.918,24,299800
739,Taraba,Takum,10.025,7.423,24,179900
740,Taraba,Ussa,9.9,7.015,24,121500
741,Taraba,Wukari,9.721,7.906,24,318400
742,Taraba,Yorro,11.644,8.823,24,120100
743,Taraba,Zing,11.819,8.906,24,170600
744,Yobe,Bade,10.648,12.762,21,198400
745,Yobe,Bursari,11.454,12.672,21,155700
746,Yobe,Damaturu,12.002,11.762,21,124500
747,Yobe,Fika,11.257,11.447,21,194000
748,Yobe,Fune,11.626,11.709,21,428500
749,Yobe,Geidam,11.959,12.661,21,221000
750,Yobe,Gujba,11.919,11.347,21,184200
751,Yobe,Gulani,11.679,11.01,21,146900
752,Yobe,Jakusko,10.902,12.507,21,329900
753,Yobe,Karasuwa,10.691,12.923,21,149700
754,Yobe,Machina,10.032,13.001,21,86600
755,Yobe,Nangere,10.999,11.727,21,124200
756,Yobe,Nguru,10.351,12.912,21,213900
757,Yobe,Potiskum,11.131,11.63,21,290700
758,Yobe,Tarmuwa,11.787,12.164,21,110200
759,Yobe,Yunusari,11.769,13.016,21,178700
760,Yobe,Yusufari,11.063,13.105,21,157100
761,Zamfara,Anka,6.097,11.903,28,197800
762,Zamfara,Bakura,5.815,12.467,28,257700
763,Zamfara,Birnin-Magaji/Kiyaw,6.913,12.541,28,253500
764,Zamfara,Bukkuyum,5.666,11.866,28,297900
765,Zamfara,Bungudu,6.528,12.256,28,356200
766,Zamfara,Gummi,5.245,11.999,12,284700
767,Zamfara,Gusau,6.657,11.999,28,528400
768,Zamfara,Kaura-Namoda,6.607,12.501,28,393000
769,Zamfara,Maradun,6.309,12.624,28,285800
770,Zamfara,Maru,6.28,11.208,28,403700
771,Zamfara,Shinkafi,6.539,12.94,28,187200
772,Zamfara,Talata-Mafara,6.131,12.329,28,297000
773,Zamfara,Tsafe,6.896,11.883,28,367600
774,Zamfara,Zurmi,7.881,12.757,28,404800
